<?xml version="1.0" encoding="UTF-8"?>
<project-private xmlns="http://www.netbeans.org/ns/project-private/1">
    <editor-bookmarks xmlns="http://www.netbeans.org/ns/editor-bookmarks/2" lastBookmarkId="0"/>
    <open-files xmlns="http://www.netbeans.org/ns/projectui-open-files/2">
        <group>
            <file>file:/C:/Users/Dell/Documents/NetBeansProjects/tugasprakpbo/src/tugasprakpbo/bidang/Lingkaran.java</file>
            <file>file:/C:/Users/Dell/Documents/NetBeansProjects/tugasprakpbo/src/tugasprakpbo/Tugasprakpbo.java</file>
            <file>file:/C:/Users/Dell/Documents/NetBeansProjects/tugasprakpbo/src/tugasprakpbo/ruang/MenghitungRuang.java</file>
            <file>file:/C:/Users/Dell/Documents/NetBeansProjects/tugasprakpbo/src/tugasprakpbo/bidang/PersegiPanjang.java</file>
            <file>file:/C:/Users/Dell/Documents/NetBeansProjects/tugasprakpbo/src/tugasprakpbo/ruang/Balok.java</file>
            <file>file:/C:/Users/Dell/Documents/NetBeansProjects/tugasprakpbo/src/tugasprakpbo/ruang/Tabung.java</file>
            <file>file:/C:/Users/Dell/Documents/NetBeansProjects/tugasprakpbo/src/tugasprakpbo/bidang/MenghitungBidang.java</file>
        </group>
    </open-files>
</project-private>
